size,time (seconds)
10,0.0195695
100,268.838
1000,690.7074718475342