num_procs,time (seconds)
4,5.35155
8,3.0088
16,1.84005
32,1.18725
64,0.831971
128,0.879385