size,time (seconds)
10,0.1014406681060791
100,6.753848314285278
1000,690.7074718475342
