size,time (seconds)
25,0.157104
50,1.83343
75,8.02252
100,25.0344